{
  "timestamp": "2025-12-16T16:36:24.151352",
  "model_path": "dqn_breakout_final.zip",
  "n_episodes": 30,
  "deterministic": false,
  "agent": {
    "mean": 2.0,
    "std": 0.0,
    "min": 2.0,
    "max": 2.0,
    "all_rewards": [
      2.0,
      2.0,
      2.0,
      2.0,
      2.0,
      2.0,
      2.0,
      2.0,
      2.0,
      2.0,
      2.0,
      2.0,
      2.0,
      2.0,
      2.0,
      2.0,
      2.0,
      2.0,
      2.0,
      2.0,
      2.0,
      2.0,
      2.0,
      2.0,
      2.0,
      2.0,
      2.0,
      2.0,
      2.0,
      2.0
    ],
    "all_lengths": [
      803,
      818,
      807,
      811,
      790,
      804,
      800,
      816,
      796,
      807,
      803,
      811,
      797,
      800,
      811,
      810,
      790,
      805,
      792,
      801,
      803,
      814,
      895,
      810,
      791,
      806,
      794,
      790,
      790,
      807
    ]
  },
  "random_baseline": {
    "mean": 0.4666666666666667,
    "std": 0.8055363982396379,
    "computed": true
  },
  "benchmarks": {
    "random_score": 1.7,
    "human_score": 31.8,
    "deepmind_dqn": 401.2,
    "citation": "Mnih, V., et al. (2015). Human-level control through deep reinforcement learning. Nature, 518(7540), 529-533."
  },
  "human_normalized_score": 4.893617021276595,
  "learning_curve": []
}