{
  "timestamp": "2025-12-16T15:30:56.992408",
  "model_path": "best_model/best_model.zip",
  "n_episodes": 30,
  "deterministic": false,
  "agent": {
    "mean": 126.73333333333333,
    "std": 69.78917458237265,
    "min": 27.0,
    "max": 274.0,
    "all_rewards": [
      231.0,
      118.0,
      193.0,
      27.0,
      118.0,
      269.0,
      74.0,
      60.0,
      141.0,
      130.0,
      57.0,
      132.0,
      93.0,
      68.0,
      150.0,
      84.0,
      246.0,
      152.0,
      29.0,
      147.0,
      45.0,
      274.0,
      79.0,
      134.0,
      98.0,
      45.0,
      111.0,
      257.0,
      141.0,
      99.0
    ],
    "all_lengths": [
      5406,
      6616,
      12313,
      3972,
      6713,
      8416,
      5097,
      5166,
      7530,
      6981,
      4343,
      7212,
      5935,
      5935,
      6774,
      4883,
      6515,
      7110,
      2779,
      5993,
      5304,
      8299,
      5035,
      6046,
      4977,
      4312,
      6125,
      8296,
      6670,
      6497
    ]
  },
  "random_baseline": {
    "mean": 0.4666666666666667,
    "std": 0.8055363982396379,
    "computed": true
  },
  "benchmarks": {
    "random_score": 1.7,
    "human_score": 31.8,
    "deepmind_dqn": 401.2,
    "citation": "Mnih, V., et al. (2015). Human-level control through deep reinforcement learning. Nature, 518(7540), 529-533."
  },
  "human_normalized_score": 402.9787234042553,
  "learning_curve": []
}